TERMINALID,MONTH1,YEAR1,AirlineAmount,MobileAmount,ICCDMRAMT,YBLDMR,NEPALDMR,DCBDMR,RBLDMR,otheramount,totalamount,airlinecommission,mobilecommission,YBLdmrcommission,DCBdmrcommission,RBLdmrcommission,NEPALdmrcommission,ICASH CASH BACK,otherscommission,totalcommission
INBLR03900232D,10,2015,17488.1,39467.05,7874220.28,0,0,0,0,12540.1564,7943715.5864,161,393.95,0,0,0,0,0,800.8964,1355.8464
INBLR03900232D,11,2015,8251.2,22566.27,7271118.14,2076072.998,4000,0,0,2141.19,9384149.798,112,129.73,10997.78,0,0,31.5,0,64.81,11335.82
INBLR03900232D,12,2015,12389.3,31875.46,8533509.07,4237194.3126,0,0,0,1990.46,12816958.6026,174.12,431.54,22672.986,0,0,0,0,125.54,23404.186
INBLR03900232D,1,2016,9248.78,37760.34,8403330.11,4988897.162,2000,0,0,795.97,13442032.362,92.47,315.66,25269.82,0,0,23.625,0,54.03,25755.605
INBLR03900232D,2,2016,36268.55,10413.39,8135420.32,5333264.8484,2750,0,0,9371.26,13527488.3684,600.52,56.61,27615.724,0,0,23.625,0,569.74,28866.219
INBLR03900232D,3,2016,5259,30541.05,7878003.75,4981093.537,0,0,0,4775.82,12899673.157,0,180.95,24316.07,0,0,0,0,324.18,24821.2
INBLR03900232D,4,2016,49491.14,41486.74,6294948.06,3972296.4164,0,0,0,3153.09,10361375.4464,1072.05,234.26,20511.204,0,0,0,0,196.91,22014.424
INBLR03900232D,5,2016,29923.7,31632.01,4749866.69,2994195.896,0,0,0,22989.5,7828607.796,717,167.99,15129.56,0,0,0,0,1410.5,17425.05
INBLR03900232D,6,2016,56736.61,19312.71,1438276.76,974570.207,0,0,0,2248.32,2491144.607,1630.94,117.29,4091.29,0,0,0,0,53.68,5893.2
INBLR03900232D,7,2016,15184.7427,9153.9,694245.02,723428.4,0,0,0,4661.44,1446673.5027,238.89,40.1,2948,0,0,0,480.21,343.56,4050.76
INBLR03900232D,8,2016,20271.25,37026.72,6747003.64,1936561.193,0,0,0,6981.2827,8747844.0857,455.53,190.28,9555.06,0,0,0,3879.72,703.5829,14784.1729
INBLR03900232D,9,2016,63117.36,41866.9,7579305.58,1752822.063,0,0,0,1988.13,9439100.033,1965.94,193.1,7650.46,0,0,0,4436.8014,131.87,14378.1714
INBLR0390036AW,1,2016,0,2540.41,864868.64,0,0,0,0,0,867409.05,0,59.59,0,0,0,0,0,0,59.59
INBLR0390036AW,2,2016,4997.7,20250.68,6406069.75,0,0,0,0,5569.0148,6436887.1448,147,414.32,0,0,0,0,0,393.5625,954.8825
INBLR0390036AW,3,2016,0,41214.6,7816605.29,0,0,0,0,4160.97,7861980.86,0,833.4,0,0,0,0,0,265.03,1098.43
INBLR0390036AW,4,2016,0,45093.64,9386399.12,0,0,0,0,10279.72,9441772.48,0,961.36,0,0,0,0,0,620.28,1581.64
INBLR0390036AW,5,2016,17899.39,49605.33,9597635.55,0,0,0,0,4204.5785,9669344.8485,147.35,976.67,0,0,0,0,0,313.005,1437.025
INBLR0390036AW,6,2016,0,42114.97,10526268.95,0,0,0,0,2421.93,10570805.85,0,792.03,0,0,0,0,337.23,165.07,1294.33
INBLR0390036AW,7,2016,4670.1,41096.44,11139976.98,0,0,0,0,10043.7061,11195787.2261,146.21,733.56,0,0,0,0,6008.73,467.5825,7356.0825
INBLR0390036AW,8,2016,0,43608.98,11571433,0,0,0,0,802.39,11615844.37,0,804.02,0,0,0,0,5840.26,47.61,6691.89
INBLR0390036AW,9,2016,21524.1,63297.33,11941129.79,0,0,0,0,1462.3242,12027413.5442,671.48,1161.67,0,0,0,0,6186.1034,211.485,8230.7384
INBOM03000054R,10,2015,10654.63,30860.66,13007766.53,17110,0,0,0,3193.3264,13069585.1464,313.75,408.34,100,0,0,0,0,10.5264,832.6164
INBOM03000054R,11,2015,0,25631.19,11664909.11,0,0,0,0,4789.0474,11695329.3474,0,434.81,0,0,0,0,0,10.503,445.313
INBOM03000054R,12,2015,0,16028.18,11165822.88,0,0,0,0,8491.8368,11190342.8968,0,298.82,0,0,0,0,0,20.9592,319.7792
INBOM03000054R,1,2016,14110.46,27298.03,12178269.15,5043.5,0,0,0,14846.6789,12239567.8189,243.94,424.97,35,0,0,0,0,23.5791,727.4891
INBOM03000054R,2,2016,3665.23,21724.07,13599341.84,0,0,0,0,23086.5368,13647817.6768,111.97,355.93,0,0,0,0,0,20.9592,488.8592
INBOM03000054R,3,2016,5466.99,21649.68,13989146.73,5,0,0,0,11952.8,14028221.2,104.46,288.32,0,0,0,0,0,0,392.78
INBOM03000054R,4,2016,0,21851.92,13584685.84,1716.82,0,0,0,721,13608975.58,0,273.08,10.2,0,0,0,0,0,283.28
INBOM03000054R,5,2016,9095.28,30138.89,13511544.87,0,0,0,0,6420,13557199.04,289.69,296.11,0,0,0,0,0,0,585.8
INBOM03000054R,6,2016,0,24062.4,14422018,0,0,0,0,3644,14449724.4,0,272.6,0,0,0,0,395.5,0,668.1
INBOM03000054R,7,2016,0,22865.19,14774457.21,0,0,0,0,2156,14799478.4,0,226.81,0,0,0,0,8348.39,0,8575.2
INBOM03000054R,8,2016,13406.42,22364.2,14132863.3,0,0,0,0,4204,14172837.92,416.4,234.8,0,0,0,0,7752.63,0,8403.83
INBOM03000054R,9,2016,0,16813.39,13763950.32,0,0,0,0,984,13781747.71,0,231.61,0,0,0,0,11502.5989,0,11734.2089
INBOM030000961,10,2015,0,20361.72,83251.26,17284598.954,0,0,0,145591.5584,17533803.4924,0,388.28,97428.94,0,0,0,0,401.6984,98218.9184
INBOM030000961,11,2015,33912.4,17997.33,208215.92,15019268.3108,0,0,0,155769.0531,15435163.0139,765.11,378.67,81252.988,0,0,0,0,212.6097,82609.3777
INBOM030000961,12,2015,32447.11,7955.66,161911.06,11538254.578,0,0,0,154183.479,11894751.887,639.94,155.34,64851.58,0,0,0,0,271.001,65917.861
INBOM030000961,1,2016,25737.84,2116.34,114934.13,15193464.757,0,0,0,106983.0885,15443236.1555,452.41,33.66,86690.27,0,0,0,0,301.9315,87478.2715
INBOM030000961,2,2016,21128.58,6417.89,6041,12424536.235,5000,0,0,38435.0562,12501558.7612,588.25,82.11,70050.85,0,0,28.875,0,85.3078,70835.3928
INBOM030000961,3,2016,23471.49,12753.39,0,13872995.181,2800,0,0,14645.73,13926665.791,770.58,176.61,77410.91,0,0,28.875,0,0,78386.975
INBOM030000961,4,2016,15116.6,13384.02,5032.5,14031364.5328,0,0,0,57402.91,14122300.5628,397.12,171.98,78754.408,0,0,0,0,30.19,79353.698
INBOM030000961,5,2016,81142.7008,12500.9,0,11742855.914,43000,0,0,25294.82,11904794.3348,1486.09,159.1,65454.54,0,0,86.625,0,482.88,67669.235
INBOM030000961,6,2016,15044.8,8597.84,0,13360999.5032,8000,0,0,1216,13393858.1432,212.84,83.16,75298.884,0,0,57.75,0,0,75652.634
INBOM030000961,7,2016,21170.8,15298.77,43973.69,12287034.6242,40000,0,0,20936,12428413.8842,456.04,248.23,68697.764,0,0,67.375,10,0,69479.409
INBOM030000961,8,2016,13697.33,8479.18,0,9032508.714,12500,0,0,8690.27,9075875.494,370.18,120.82,50801.88,0,0,57.75,0,29.73,51380.36
INBOM030000961,9,2016,29780.43,8865.98,0,9763948.4067,2500,0,0,4636,9809730.8167,539.55,75.02,55146.414,0,0,28.875,0,240,56029.859
INBOM03000271H,10,2015,5471.08,45547.61,69930.47,10694946.7946,0,0,0,2172.068,10818068.0226,164.36,801.39,57018.006,0,0,0,0,31.0357,58014.7917
INBOM03000271H,11,2015,0,40289.79,53780.17,11027093.085,0,0,0,0,11121163.045,0,779.21,59044.35,0,0,0,0,0,59823.56
INBOM03000271H,12,2015,0,39888.67,151983.93,7933944.8186,0,0,0,5145.2842,8130962.7028,0,734.33,44214.646,0,0,0,0,5.2398,44954.2158
INBOM03000271H,1,2016,0,37918.44,112689.41,10450048.3734,0,0,0,3837.9263,10604494.1497,0,741.56,55778.474,0,0,0,0,7.8597,56527.8937
INBOM03000271H,2,2016,0,43217.49,60371.97,12185021.7212,0,0,0,4066,12292677.1812,0,759.51,65092.532,0,0,0,0,0,65852.042
INBOM03000271H,3,2016,0,39056.83,97111.98,10570854.2672,0,0,0,4014,10711037.0772,0,637.17,56918.592,0,0,0,0,0,57555.762
INBOM03000271H,4,2016,0,47384.73,68118.18,12289714.0332,0,0,0,7740,12412956.9432,0,664.27,65353.852,0,0,0,0,0,66018.122
INBOM03000271H,5,2016,0,60829.11,81352.07,13257099.7304,0,0,0,2892,13402172.9104,0,720.89,69664.744,0,0,0,0,0,70385.634
INBOM03000271H,6,2016,0,35065.58,44270.97,8356793.365,0,0,0,7032,8443161.915,0,462.42,44959.398,0,0,0,0,0,45421.818
INBOM03000271H,7,2016,0,43915.83,413946.08,9160853.8,0,0,0,7654,9626369.71,0,573.17,48196,0,0,0,198,0,48967.17
INBOM03000271H,8,2016,7032.92,45908.86,66353.62,10363252.3188,0,0,0,4794,10487341.7188,207.46,571.14,54582.296,0,0,0,20,0,55380.896
INBOM03000271H,9,2016,0,37270.29,63496.58,9543005.5655,0,0,0,2018,9645790.4355,0,468.71,50121.51,0,0,0,46.669,0,50636.889
INBOM030002723,10,2015,49427.25,91541.7,3924193.03,3359770.02,0,0,0,1055.2632,7425987.2632,604.43,2335.3,17082.2,0,0,0,0,5.2632,20027.1932
INBOM030002723,11,2015,67557.95,104834.38,3706802.75,3825428.39,0,0,0,32636.9159,7737260.3859,1610.07,2618.62,19572.9,0,0,0,0,36.7605,23838.3505
INBOM030002723,12,2015,86120.36,86733.87,3954722.55,2950605.032,0,0,0,1767.9263,7079949.7383,1327.39,2189.13,14645.52,0,0,0,0,7.8597,18169.8997
INBOM030002723,1,2016,39180.71,101648.41,4169331.79,4657424.44,0,0,0,885.2842,8968470.6342,324.76,2604.59,23598.4,0,0,0,0,5.2398,26532.9898
INBOM030002723,2,2016,46052.17,80418.29,4319457.28,4883732.94,0,0,0,1145.2842,9330805.9642,544.4,2084.71,24093.4,0,0,0,0,5.2398,26727.7498
INBOM030002723,3,2016,34406.075,100329.95,4125139.51,5809180.36,0,0,0,1676,10070731.895,638.4,2486.05,28969.6,0,0,0,0,0,32094.05
INBOM030002723,4,2016,85335.22,89521.91,4031646.72,5404823.48,0,0,0,1984.8048,9613312.1348,1496.44,2240.09,28387.8,0,0,0,0,25.7725,32150.1025
INBOM030002723,5,2016,12825.08,90866.13,4058334.7,5178649.79,0,0,0,16748,9357423.7,105.47,2198.87,27226.9,0,0,0,0,0,29531.24
INBOM030002723,6,2016,67096.94,82642.4,4053247.97,4672582.608,0,0,0,8836,8884405.918,1806.4,1970.6,24318.36,0,0,0,54,0,28149.36
INBOM030002723,7,2016,25497.6,102751.58,4345043.45,5065710.39,0,0,0,8694,9547697.02,802.52,2521.42,26823.8,0,0,0,1016,0,31163.74
INBOM030002723,8,2016,21402.11,109740.53,4361140.78,4730633.0175,0,0,0,4754,9227670.4375,539.88,2558.47,24357.35,0,0,0,1068.1,0,28523.8
INBOM030002723,9,2016,37612.69,91004.38,4299552.53,4536375.935,0,0,0,2772,8967317.535,819.29,2188.62,23182.7,0,0,0,1910.2355,0,28100.8455
INBOM030002730,10,2015,37560.18,77833.82,24999.1,8253703.14,0,0,0,42164.6628,8436260.9028,906.47,1695.18,46875.4,0,0,0,0,21.0528,49498.1028
INBOM030002730,11,2015,15235.05,89653.28,0,8873234.6662,0,0,0,23354.4264,9001477.4226,468.83,1892.72,50841.482,0,0,0,0,10.5264,53213.5584
INBOM030002730,12,2015,14880.22,60273.47,0,5587585.679,0,0,0,66579.4482,5729318.8172,254.2,1228.53,31963.69,0,0,0,0,110.0358,33556.4558
INBOM030002730,1,2016,0,115079.94,0,6890792.5356,0,0,0,48078.121,7053950.5966,0,2291.06,38400.516,0,0,0,0,26.199,40717.775
INBOM030002730,2,2016,15712.9,117566.81,0,8954330.623,0,0,0,61682.8947,9149293.2277,209,2084.19,50631.53,0,0,0,0,18.3393,52943.0593
INBOM030002730,3,2016,0,145156.86,0,8038431.56,0,0,0,37952.6,8221541.02,0,2288.14,45191.6,0,0,0,0,0,47479.74
INBOM030002730,4,2016,0,94062.84,0,7805675.11,0,0,0,29835.4,7929573.35,0,1551.16,43857.1,0,0,0,0,0,45408.26
INBOM030002730,5,2016,0,145663.32,0,8638796.961,0,0,0,20053.8,8804514.081,0,2149.68,48476.71,0,0,0,0,0,50626.39
INBOM030002730,6,2016,0,161740.9,0,8318168.7395,0,0,0,22657,8502566.6395,0,2256.1,47014.71,0,0,0,0,0,49270.81
INBOM030002730,7,2016,0,162182.5,0,7467854.825,0,0,0,48188,7678225.325,0,2455.5,42536.5,0,0,0,0,0,44992
INBOM030002730,8,2016,0,153810.05,15088.99,8889523.3308,0,0,0,105966,9164388.3708,0,2279.95,50843.336,0,0,0,10,0,53133.286
INBOM030002730,9,2016,0,156989.46,2.5,9339712.6495,0,0,0,38581,9535285.6095,0,2129.54,53794.79,0,0,0,0,540,56464.33
INBOM030002731,10,2015,0,6078.79,537795.29,9640170.0548,0,0,0,762.6316,10184806.7664,0,157.21,53338.828,0,0,0,0,2.6316,53498.6696
INBOM030002731,11,2015,0,3298.82,640782.34,10278120.7226,0,0,0,0,10922201.8826,0,66.18,56938.086,0,0,0,0,0,57004.266
INBOM030002731,12,2015,0,2418.04,740254.43,9285477.4956,0,0,0,34899.6315,10063049.5971,0,50.96,51136.116,0,0,0,0,39.2985,51226.3745
INBOM030002731,1,2016,0,1949.85,568086.55,10377477.542,0,0,0,16480.5684,10963994.5104,0,50.15,57851.62,0,0,0,0,10.4796,57912.2496
INBOM030002731,2,2016,0,5951.31,728643.93,11108760.551,0,0,0,3782,11847137.791,0,149.69,61021.61,0,0,0,0,0,61171.3
INBOM030002731,3,2016,0,1528.64,1291400.37,10956604.492,0,0,0,1534,12251067.502,0,36.36,59806.12,0,0,0,0,0,59842.48
INBOM030002731,4,2016,0,4199.98,1835461.43,10639513.4254,0,0,0,4246,12483420.8354,0,92.02,57406.194,0,0,0,0,0,57498.214
INBOM030002731,5,2016,0,1517.8,1378683.62,8741281.0678,0,0,0,42286,10163768.4878,0,17.2,47918.258,0,0,0,0,0,47935.458
INBOM030002731,6,2016,0,1147.89,1650443.31,8712817.6513,0,0,0,0,10364408.8513,0,22.11,47261.45,0,0,0,90,0,47373.56
INBOM030002731,7,2016,0,3673.03,1574291.15,7643233.2133,0,0,0,0,9221197.3933,0,84.97,43262.986,0,0,0,804.23,0,44152.186
INBOM030002731,8,2016,0,5421.91,1720277.94,8026000.9568,0,0,0,23148,9774848.8068,0,60.09,44734.256,0,0,0,863.45,0,45657.796
INBOM030002731,9,2016,0,3627.46,1752272.32,7827831.5044,0,0,0,127372,9711103.2844,0,78.54,42571.048,0,0,0,1033.3922,0,43682.9802
INBOM03000277A,10,2015,133174.97,74293.14,374828.56,5133492.62,10000,0,0,15588.4248,5741377.7148,3264.52,894.86,25128.2,0,0,77,0,107.3648,29471.9448
INBOM03000277A,11,2015,66587.08,40629.18,836384.86,5317655.0154,6500,0,0,12340.6542,6280096.7896,1428.81,503.82,24791.094,0,0,38.5,0,137.8698,26900.0938
INBOM03000277A,12,2015,51918.68,39495.69,664626.8,5485629.3954,14200,0,0,24545.3905,6280415.9559,1425.96,496.31,25122.894,0,0,154,0,148.9195,27348.0835
INBOM03000277A,1,2016,70475.4,63086.66,2844555.7,7202462.3054,49200,0,0,19641.3442,10249421.4096,794.01,698.34,33082.994,0,0,173.25,0,39.1798,34787.7738
INBOM03000277A,2,2016,77318.81,41014.56,4262465.37,8903414.9128,72800,0,0,27939.8342,13384953.487,1740.24,369.44,44781.208,0,0,96.25,0,248.6898,47235.8278
INBOM03000277A,3,2016,147817.3,59316.19,3652269.65,8535857.555,326300,0,0,14556,12736116.695,3518.57,446.81,41986.05,0,0,423.5,0,0,46374.93
INBOM03000277A,4,2016,133248.81,73310.56,4810947.64,10049880.9854,236300,0,0,9556.01,15313244.0054,3334.68,607.44,47262.794,0,0,288.75,0,115.99,51609.654
INBOM03000277A,5,2016,77685.26,46516.5,5314098.43,7789749.6704,186250,0,0,3622,13417921.8604,2013.08,349.5,36918.144,0,0,259.875,0,50.32,39590.919
INBOM03000277A,6,2016,52063.82,55753.48,5556301.26,5938017.87,273500,0,0,9467.01,11885103.44,1611.78,516.52,28427.4,0,0,462,134.6,302.99,31455.29
INBOM03000277A,7,2016,25058.91,51374.56,5150375.13,7083470.0017,133400,0,0,7098.79,12450777.3917,172.72,313.44,32326.314,0,0,269.5,2278.67,370.35,35730.994
INBOM03000277A,8,2016,60624.24,30640.22,5250503.62,6646692.59,54500,0,0,858,12043818.67,1466.08,238.78,32887.8,0,0,125.125,2026.1,0,36743.885
INBOM03000277A,9,2016,95977.47,48497.01,4257194.65,7287945.7,112000,0,0,2054.29,11803669.12,2228,237.99,35084,0,0,288.75,2889.0594,107.71,40835.5094
INBOM03000278A,10,2015,0,2054.54,2950406.32,2535617.974,0,0,0,0,5488078.834,0,41.46,14991.14,0,0,0,0,0,15032.6
INBOM03000278A,11,2015,0,965.08,5364247.24,1054329.47,0,0,0,0,6419541.79,0,20.92,5791.7,0,0,0,0,0,5812.62
INBOM03000278A,12,2015,0,1082.02,5057853.66,394326.145,0,0,0,0,5453261.825,0,25.98,2170.95,0,0,0,0,0,2196.93
INBOM03000278A,1,2016,0,3526.79,6625596.26,723566.77,0,0,0,0,7352689.82,0,70.21,3934.7,0,0,0,0,0,4004.91
INBOM03000278A,2,2016,0,431.48,6896600.02,424187.04,0,0,0,0,7321218.54,0,8.52,2214.4,0,0,0,0,0,2222.92
INBOM03000278A,3,2016,0,1773.39,10695279.41,906485.8,0,0,0,0,11603538.6,0,38.61,4918,0,0,0,0,0,4956.61
INBOM03000278A,4,2016,25257.15,2382.9,9727125.07,660524.3,0,0,0,0,10415289.42,705.39,36.1,3578,0,0,0,0,0,4319.49
INBOM03000278A,5,2016,0,1249.57,7392291.74,342958.8,0,0,0,0,7736500.11,0,20.43,1918,0,0,0,0,0,1938.43
INBOM03000278A,6,2016,0,2108.27,10477412.29,205480.6,0,0,0,0,10685001.16,0,30.73,1028,0,0,0,494.55,0,1553.28
INBOM03000278A,7,2016,0,2201.74,10172938.05,828291.5457,0,0,0,0,11003431.3357,0,28.26,4296.794,0,0,0,3976.11,0,8301.164
INBOM03000278A,8,2016,0,1676.06,11042069.05,1063845.54,0,0,0,0,12107590.65,0,26.94,5836.8,0,0,0,4838.3,0,10702.04
INBOM03000278A,9,2016,0,1144.96,9123016.94,1409669.765,0,0,0,0,10533831.665,0,11.04,7691.3,0,0,0,3615.6759,0,11318.0159
INBOM03000279T,10,2015,0,1178.65,0,9260889.092,0,0,0,0,9262067.742,0,25.35,50782.12,0,0,0,0,0,50807.47
INBOM03000279T,11,2015,0,1876.59,0,9745225.503,0,0,0,0,9747102.093,0,42.41,54668.33,0,0,0,0,0,54710.74
INBOM03000279T,12,2015,0,1014.04,71126.7,8674680.112,0,0,0,0,8746820.852,0,24.96,48934.32,0,0,0,0,0,48959.28
INBOM03000279T,1,2016,0,1069.7,0,9981279.998,0,0,0,0,9982349.698,0,19.3,57957.78,0,0,0,0,0,57977.08
INBOM03000279T,2,2016,0,1231.22,0,10991057.774,0,0,0,0,10992288.994,0,21.78,63909.14,0,0,0,0,0,63930.92
INBOM03000279T,3,2016,0,1853.47,2693283.66,8883584.0128,0,0,0,0,11578721.1428,0,34.53,49902.208,0,0,0,0,0,49936.738
INBOM03000279T,4,2016,0,1275.16,3698081.5,7545188.46,0,0,0,0,11244545.12,0,17.84,40785.6,0,0,0,0,0,40803.44
INBOM03000279T,5,2016,0,2153.83,3535651.91,6729944.0594,0,0,0,100.6,10267850.3994,0,34.17,35919.934,0,0,0,0,0,35954.104
INBOM03000279T,6,2016,0,1216.55,4031187.1,7262782.5105,0,0,0,0,11295186.1605,0,19.45,37260.41,0,0,0,222.93,0,37502.79
INBOM03000279T,7,2016,0,3000.62,4289000.85,5700004.6772,0,0,0,0,9992006.1472,0,41.38,29474.024,0,0,0,1438.3,0,30953.704
INBOM03000279T,8,2016,0,1907.87,4541167.24,6237874.1897,0,0,0,0,10780949.2997,0,24.13,32349.274,0,0,0,1641.9,0,34015.304
INBOM03000279T,9,2016,0,1589.01,4257743.44,5976021.7832,0,0,151106,0,10386460.2332,0,22.99,30216.544,0,872.03,0,2758.1913,0,33869.7553
INBOM0300028H9,10,2015,32043.7,74227.44,306011.43,10007731.831,0,0,0,59786.0584,10479800.4594,553.66,1223.56,56292.41,0,0,0,0,63.1584,58132.7884
INBOM0300028H9,11,2015,36228.58,69833.43,353934.3,10708425.7776,0,0,0,7947.4,11176369.4876,819.37,1145.57,59139.136,0,0,0,0,0,61104.076
INBOM0300028H9,12,2015,70083.46,70233.13,1062846.5,12708568.5778,3000,0,0,7590.27,13922321.9378,1242.83,1204.87,69239.358,0,0,38.5,0,0,71725.558
INBOM0300028H9,1,2016,88674.07,76158.49,663066.79,13336169.303,0,0,0,5487.73,14169556.383,1309.93,1424.51,74076.33,0,0,0,0,0,76810.77
INBOM0300028H9,2,2016,32455.32,89838.94,739520.96,15126096.2872,0,0,0,6389.7921,15994301.2993,668.55,1453.06,84130.792,0,0,0,0,2.6199,86255.0219
INBOM0300028H9,3,2016,39784.715,98765.91,554849.97,16626102.0892,5000,0,0,5403.23,17329905.9142,921.5,1731.09,90571.012,0,0,28.875,0,0,93252.477
INBOM0300028H9,4,2016,128241.46,93990.47,777556.81,16938285.3406,0,0,0,51988.09,17990062.1706,3355.25,1708.53,91509.066,0,0,0,0,0,96572.846
INBOM0300028H9,5,2016,91746.41,112246.11,3593842.12,15517946.4984,0,0,0,5739.49,19321520.6284,1219.56,2071.89,79252.224,0,0,0,0,0,82543.674
INBOM0300028H9,6,2016,17383.96,79096.52,5097405.66,10806819.0264,0,0,0,498.98,16001204.1464,256.88,1260.48,57223.224,0,0,0,112.5,0,58853.084
INBOM0300028H9,7,2016,66399.11,111168.46,5529096.74,8317790.5204,0,0,0,36054,14060508.8304,996.48,1768.54,42315.768,0,0,0,1634.76,0,46715.548
INBOM0300028H9,8,2016,84120.51,84666.89,5805655.54,6187303.1124,0,0,0,96400,12258146.0524,1642.84,1292.11,32760.408,0,0,0,1489.85,0,37185.208
INBOM0300028H9,9,2016,53729.95,81625.64,4966845.84,5382098.4159,0,0,0,3522,10487821.8459,499.8,1247.36,27225.878,0,0,0,1862.7631,0,30835.8011
INBOM03900013N,10,2015,210647.18,4672.1,1535071.03,6391070.726,0,0,0,0,8141461.036,4148.74,110.9,36375.86,0,0,0,0,0,40635.5
INBOM03900013N,11,2015,143586.67,6981.68,2121792.1,6289310.31,0,0,0,0,8561670.76,4225.97,238.32,36234.1,0,0,0,0,0,40698.39
INBOM03900013N,12,2015,200789.39,3998.52,1971944.8,5884568.792,0,0,0,8407.8,8069709.302,4808.16,123.48,34519.12,0,0,0,0,0,39450.76
INBOM03900013N,1,2016,217580.73,3428.32,3145578.01,5726882.078,0,0,0,7018.2,9100487.338,4432.56,101.68,33166.58,0,0,0,0,0,37700.82
INBOM03900013N,2,2016,118011.06,3874.15,3495062.53,5474618.054,0,0,0,13095.7,9104661.494,2299.95,122.85,31489.94,0,0,0,0,0,33912.74
INBOM03900013N,3,2016,237664,5264.11,4273175.54,5463561.316,0,0,0,2121.4,9981786.366,4074.62,117.89,30790.76,0,0,0,0,0,34983.27
INBOM03900013N,4,2016,157794.4,4913.81,4839958.29,6716789.75,0,0,0,0,11719456.25,3177.37,103.19,36762.5,0,0,0,0,0,40043.06
INBOM03900013N,5,2016,258408.9335,3058.25,4725116.49,6957372.216,0,0,0,-1455,11942500.8895,7408.74,45.75,39584.76,0,0,0,0,0,47039.25
INBOM03900013N,6,2016,134164.79,2919.2,5203565.96,6034024.4005,0,0,0,0,11374674.3505,2704.07,57.8,34282.01,0,0,0,218,0,37261.88
INBOM03900013N,7,2016,122725.54,3162.23,4952622.11,4614961.75,0,0,0,0,9693471.63,1857.95,57.77,25925,0,0,0,1214.77,0,29055.49
INBOM03900013N,8,2016,102894.26,2048.73,6531908.08,5072156.942,0,0,0,0,11709008.012,2117.36,31.27,28441.64,0,0,0,1810.15,0,32400.42
INBOM03900013N,9,2016,77920.56,2179.36,5437653.2,4208543.948,0,0,0,0,9726297.068,637.34,45.64,23862.16,0,0,0,3099.6236,0,27644.7636
INBOM03900540J,10,2015,0,0,9056.5,13082480.582,0,0,0,25286.8424,13116823.9244,0,0,75126.02,0,0,0,0,36.8424,75162.8624
INBOM03900540J,11,2015,0,70.91,10067.5,14047678.209,0,0,0,0,14057816.619,0,1.09,80461.99,0,0,0,0,0,80463.08
INBOM03900540J,12,2015,0,176.24,40539.18,14500572.9284,0,0,0,0,14541288.3484,0,2.76,82084.524,0,0,0,0,0,82087.284
INBOM03900540J,1,2016,0,0,83943.38,16152202.3664,0,0,0,0,16236145.7464,0,0,90150.704,0,0,0,0,0,90150.704
INBOM03900540J,2,2016,0,25.71,247060.36,16882922.03,0,0,0,0,17130008.1,0,0.29,93823.3,0,0,0,0,0,93823.59
INBOM03900540J,3,2016,0,25.71,168864.7,16489174.6244,0,0,0,0,16658065.0344,0,0.29,92177.084,0,0,0,0,0,92177.374
INBOM03900540J,4,2016,0,0,206882.44,17382039.084,0,0,0,0,17588921.524,0,0,96818.24,0,0,0,0,0,96818.24
INBOM03900540J,5,2016,4924.92,25.8,113601.34,18722086.491,0,0,0,0,18840638.551,125.66,0.2,103630.01,0,0,0,0,0,103755.87
INBOM03900540J,6,2016,-437.46,25.8,39699.68,16778500.305,0,0,0,0,16817788.325,-62.83,0.2,94135.06,0,0,0,0,0,94072.43
INBOM03900540J,7,2016,0,25.75,68853.38,13698336.6328,0,0,0,0,13767215.7628,0,0.25,77356.176,0,0,0,32,0,77388.426
INBOM03900540J,8,2016,0,0,266374.95,13675001.692,0,0,0,0,13941376.642,0,0,79066.64,0,0,0,183.5,0,79250.14
INBOM03900540J,9,2016,0,25.8,286061.9,13574972.8184,0,0,0,0,13861060.5184,0,0.2,78134.928,0,0,0,118.1255,0,78253.2535
INBOM03900540U,10,2015,4577.89,1660.1,5030,14883497.483,0,0,0,76.8048,14894842.2778,75.68,58.9,86526.13,0,0,0,0,25.7725,86686.4825
INBOM03900540U,11,2015,0,1430.72,0,17426308.078,0,0,0,0,17427738.798,0,51.28,100846.58,0,0,0,0,0,100897.86
INBOM03900540U,12,2015,0,1493.17,53822.49,14833182.01,0,0,0,0,14888497.67,0,55.83,85271.1,0,0,0,0,0,85326.93
INBOM03900540U,1,2016,0,2683.03,0,16471692.059,0,0,0,0,16474375.089,0,96.97,95415.49,0,0,0,0,0,95512.46
INBOM03900540U,2,2016,3768.89,3107.84,10060,15711777.351,0,0,0,76.8048,15728790.8858,97.9,86.16,91779.61,0,0,0,0,25.7725,91989.4425
INBOM03900540U,3,2016,5470.62,2111.51,0,12066575.092,0,0,0,76.8048,12074234.0268,158.2,43.49,70752.12,0,0,0,0,25.7725,70979.5825
INBOM03900540U,4,2016,0,1717.53,0,15523376.21,0,0,0,0,15525093.74,0,30.47,90213.1,0,0,0,0,0,90243.57
INBOM03900540U,5,2016,52279,1218.92,0,16865172.842,0,0,0,0,16918670.762,0,21.08,96619.62,0,0,0,0,0,96640.7
INBOM03900540U,6,2016,0,1168.71,0,15413145.209,0,0,0,3669,15417982.919,0,19.29,87803.18,0,0,0,0,0,87822.47
INBOM03900540U,7,2016,16017.2,1525.96,38746,11134736.1815,0,0,0,1735.296,11192760.6375,386.1,21.04,62973.23,0,0,0,7,52.32,63439.69
INBOM03900540U,8,2016,10365,1047.96,0,10436069.837,0,0,0,0,10447482.797,0,12.04,58351.54,0,0,0,0,0,58363.58
INBOM03900540U,9,2016,0,1351.68,0,8865234.645,0,0,0,3102,8869688.325,0,22.32,49770.9,0,0,0,0,0,49793.22
INBOM03900576R,10,2015,0,18925.72,22005118.65,0,0,0,0,0,22024044.37,0,484.28,0,0,0,0,0,0,484.28
INBOM03900576R,11,2015,0,11235.53,17964689.06,0,0,0,0,0,17975924.59,0,270.47,0,0,0,0,0,0,270.47
INBOM03900576R,12,2015,0,9140.32,11216976.15,0,0,0,0,0,11226116.47,0,212.68,0,0,0,0,0,0,212.68
INBOM03900576R,1,2016,0,16196.49,14170501.26,0,0,0,0,0,14186697.75,0,389.51,0,0,0,0,0,0,389.51
INBOM03900576R,2,2016,0,17279.99,14125418.8,0,0,0,0,0,14142698.79,0,433.01,0,0,0,0,0,0,433.01
INBOM03900576R,3,2016,0,29229.08,14295321.26,0,0,0,0,0,14324550.34,0,708.92,0,0,0,0,0,0,708.92
INBOM03900576R,4,2016,0,26867.94,13703557.04,0,0,0,0,0,13730424.98,0,679.06,0,0,0,0,0,0,679.06
INBOM03900576R,5,2016,0,36858.29,11248974.88,0,0,0,0,0,11285833.17,0,945.71,0,0,0,0,0,0,945.71
INBOM03900576R,6,2016,0,35972.57,12605232.3,0,0,0,0,0,12641204.87,0,900.43,0,0,0,0,345.66,0,1246.09
INBOM03900576R,7,2016,0,31373.44,19347832.96,0,0,0,0,0,19379206.4,0,784.56,0,0,0,0,10762.89,0,11547.45
INBOM03900576R,8,2016,0,28209.26,18381301.5,0,0,0,0,0,18409510.76,0,609.74,0,0,0,0,9435.21,0,10044.95
INBOM03900576R,9,2016,0,13712.5,15963075.11,0,0,0,0,0,15976787.61,0,316.5,0,0,0,0,10935.7282,0,11252.2282
INBOM03900634Y,7,2016,14388.78,11211.7,1728785.8,1186295.56,0,0,0,6735,2947416.84,450.76,131.3,5965.2,0,0,0,836.48,0,7383.74
INBOM03900634Y,8,2016,46106.92,49689.47,8289529.33,4402784.3533,0,0,0,11641.79,12799751.8633,680.1,495.53,22582.786,0,0,0,4138.42,66.08,27962.916
INBOM03900634Y,9,2016,23894.67,41930.04,7245575.71,5065790.7277,0,0,0,12748.51,12389939.6577,1064.57,419.96,26329.234,0,0,0,4999.3029,119.77,32932.8369
INBOM03900690W,10,2015,0,21705.33,3723207.56,491819.296,0,0,0,0,4236732.186,0,406.67,1878.56,0,0,0,0,0,2285.23
INBOM03900690W,11,2015,0,18848.96,3091169.29,965060.58,0,0,0,881.26,4075960.09,0,359.04,3373.8,0,0,0,0,0,3732.84
INBOM03900690W,12,2015,0,26580.74,2814283.3,331616.6,0,0,0,0,3172480.64,0,483.26,1356,0,0,0,0,0,1839.26
INBOM03900690W,1,2016,0,19387.27,4180006.96,502161.4,0,0,0,0,4701555.63,0,395.73,1584,0,0,0,0,0,1979.73
INBOM03900690W,2,2016,0,17376,5662386.49,932781.38,0,0,0,0,6612543.87,0,375,3671.8,0,0,0,0,0,4046.8
INBOM03900690W,3,2016,0,28979.27,6096513.06,760071,0,0,0,0,6885563.33,0,479.73,2520,0,0,0,0,0,2999.73
INBOM03900690W,4,2016,0,32787.54,8114668.93,1628436.7108,0,0,0,0,9775893.1808,0,625.46,6156.988,0,0,0,0,0,6782.448
INBOM03900690W,5,2016,0,38028.05,8194350.35,740494.98,0,0,0,0,8972873.38,0,755.95,2812.8,0,0,0,0,0,3568.75
INBOM03900690W,6,2016,0,25302.77,7505786.1,1212792.25,0,0,0,0,8743881.12,0,391.23,4315,0,0,0,251,0,4957.23
INBOM03900690W,7,2016,0,39455.13,8627332.35,861437.85,0,0,0,0,9528225.33,0,574.87,3017,0,0,0,2849.25,0,6441.12
INBOM03900690W,8,2016,0,33533.15,8466816.4,607997.792,0,0,0,0,9108347.342,0,495.85,2318.64,0,0,0,729.3,0,3543.79
INBOM03900690W,9,2016,0,26473.07,8283484.9,1042790.9,0,0,0,0,9352748.87,0,375.93,3648,0,0,0,4998.8789,0,9022.8089
INBOM03900872F,10,2015,0,105274.48,9327273.26,0,0,0,0,63895.0016,9496442.7416,0,1831.52,0,0,0,0,0,200.0016,2031.5216
INBOM03900872F,11,2015,0,91591.7,9656239.97,0,0,0,0,42452.0007,9790283.6707,0,1669.3,0,0,0,0,0,136.6677,1805.9677
INBOM03900872F,12,2015,0,83407.18,8167181.07,0,0,0,0,104058.631,8354646.881,0,1372.82,0,0,0,0,0,288.189,1661.009
INBOM03900872F,1,2016,0,83827.73,7204349.23,0,0,0,0,69660.7996,7357837.7596,0,1363.27,0,0,0,0,0,199.1124,1562.3824
INBOM03900872F,2,2016,0,65164.06,7135475.61,0,0,0,0,74037.2837,7274676.9537,0,1010.94,0,0,0,0,0,254.1303,1265.0703
INBOM03900872F,3,2016,0,108669.25,8523605.2,0,0,0,0,72188,8704462.45,0,1493.75,0,0,0,0,0,0,1493.75
INBOM03900872F,4,2016,0,109142.51,7830021.91,0,0,0,0,75706,8014870.42,0,1583.49,0,0,0,0,0,0,1583.49
INBOM03900872F,5,2016,0,93578.51,8792217.35,0,0,0,0,104296,8990091.86,0,1176.49,0,0,0,0,0,0,1176.49
INBOM03900872F,6,2016,0,70717.15,10987774.61,0,0,0,0,116392,11174883.76,0,936.85,0,0,0,0,728.15,0,1665
INBOM03900872F,7,2016,0,82259.69,11459480.11,0,0,0,0,117782,11659521.8,0,964.31,0,0,0,0,6813.64,0,7777.95
INBOM03900872F,8,2016,0,74506.2,11183041.2,0,0,0,0,101564,11359111.4,0,934.8,0,0,0,0,6354.06,0,7288.86
INBOM03900872F,9,2016,0,79517.28,11882612.37,0,0,0,0,98932,12061061.65,0,1017.72,0,0,0,0,8082.6876,0,9100.4076
INCJB039006429,11,2015,0,4877.62,3529919.28,0,0,0,0,0,3534796.9,0,17.38,0,0,0,0,0,0,17.38
INCJB039006429,12,2015,0,10841.07,7480221.99,0,0,0,0,0,7491063.06,0,71.93,0,0,0,0,0,0,71.93
INCJB039006429,1,2016,3161.12,15721.4,7143950.62,0,0,0,0,0,7162833.14,78.76,93.6,0,0,0,0,0,0,172.36
INCJB039006429,2,2016,0,8818.65,9891410.06,0,0,0,0,0,9900228.71,0,62.35,0,0,0,0,0,0,62.35
INCJB039006429,3,2016,0,15174.11,10358420.36,0,0,0,0,0,10373594.47,0,63.89,0,0,0,0,0,0,63.89
INCJB039006429,4,2016,0,4605.83,9577222.42,0,0,0,0,0,9581828.25,0,22.17,0,0,0,0,0,0,22.17
INCJB039006429,5,2016,0,7159.3,9527270.23,0,0,0,0,0,9534429.53,0,65.7,0,0,0,0,0,0,65.7
INCJB039006429,6,2016,0,10415.39,11371636.5,0,0,0,0,0,11382051.89,0,126.61,0,0,0,0,890.11,0,1016.72
INCJB039006429,7,2016,0,9213.78,12049231,0,0,0,0,0,12058444.78,0,112.22,0,0,0,0,5499.18,0,5611.4
INCJB039006429,8,2016,0,9820.6,13838483.98,0,0,0,0,0,13848304.58,0,102.4,0,0,0,0,6649.58,0,6751.98
INCJB039006429,9,2016,0,8959.47,10481120.2,0,0,0,0,0,10490079.67,0,77.53,0,0,0,0,5181.7042,0,5259.2342
INDEL03000397E,10,2015,0,12440.6,3327162.3,4010096.987,0,0,0,0,7349699.887,0,114.4,21405.57,0,0,0,0,0,21519.97
INDEL03000397E,11,2015,0,13444.83,1465306.51,3165614.3414,0,0,0,0,4644365.6814,0,157.17,16252.954,0,0,0,0,0,16410.124
INDEL03000397E,12,2015,0,10877.78,6143108.06,3709562.5696,0,0,0,0,9863548.4096,0,132.22,19428.256,0,0,0,0,0,19560.476
INDEL03000397E,1,2016,0,14356.09,7163321.8,4293395.0474,0,0,0,0,11471072.9374,0,139.91,21336.614,0,0,0,0,0,21476.524
INDEL03000397E,2,2016,0,17557.01,7202377.88,5383562.337,0,0,0,0,12603497.227,0,170.99,25614.07,0,0,0,0,0,25785.06
INDEL03000397E,3,2016,0,14483.82,10228899.45,5577908.345,0,0,0,0,15821291.615,0,155.18,28172.95,0,0,0,0,0,28328.13
INDEL03000397E,4,2016,0,17982.4,8278567.57,5492537.4988,0,0,0,0,13789087.4688,0,165.6,27571.668,0,0,0,0,0,27737.268
INDEL03000397E,5,2016,0,16895.91,8418002.06,6541194.355,0,0,0,0,14976092.325,0,160.09,33424.05,0,0,0,0,0,33584.14
INDEL03000397E,6,2016,0,18626.06,8537657.41,5057728.7641,0,0,0,0,13614012.2341,0,129.94,25326.142,0,0,0,360.84,0,25816.922
INDEL03000397E,7,2016,0,18725.16,10443582.03,4964292.862,0,0,0,0,15426600.052,0,160.84,24408.04,0,0,0,8027.05,0,32595.93
INDEL03000397E,8,2016,0,17251.66,9746714.7,3144763.138,0,0,0,0,12908729.498,0,160.34,14931.96,0,0,0,6880.26,0,21972.56
INDEL03000397E,9,2016,0,10715.82,8572921.74,3877556.1675,0,0,0,0,12461193.7275,0,79.18,19690.35,0,0,0,4032.8713,0,23802.4013
INDEL039002921,10,2015,0,10974.26,0,13577166.836,0,0,0,3086.4212,13591227.5172,0,110.74,80233.96,0,0,0,0,18.4212,80363.1212
INDEL039002921,11,2015,23361.84,11841.02,0,13394495.6834,0,0,0,5416.379,13435114.9224,518,147.98,77142.574,0,0,0,0,26.2458,77834.7998
INDEL039002921,12,2015,0,14443.7,0,13456192.0514,0,0,0,4486.1368,13475121.8882,0,182.3,78465.054,0,0,0,0,20.9592,78668.3132
INDEL039002921,1,2016,4878,12485.3,0,16473836.3954,0,0,0,6264.3473,16497464.0427,0,160.7,96152.894,0,0,0,0,34.0587,96347.6527
INDEL039002921,2,2016,0,14178.75,0,16753028.12,0,0,0,3022.8526,16770229.7226,0,146.25,97683.2,0,0,0,0,15.7194,97845.1694
INDEL039002921,3,2016,0,14571.94,0,17010234.6218,0,0,0,2572,17027378.5618,0,200.06,97808.198,0,0,0,0,0,98008.258
INDEL039002921,4,2016,3084.75,17814.87,0,13612191.854,0,0,0,11442,13644533.474,22.5,187.13,78672.94,0,0,0,0,0,78882.57
INDEL039002921,5,2016,0,20525.8,0,12791423.338,0,0,0,4296,12816245.138,0,199.2,74065.18,0,0,0,0,0,74264.38
INDEL039002921,6,2016,0,19560.22,0,15138665.0435,0,0,0,2732,15160957.2635,0,181.78,88252.45,0,0,0,0,0,88434.23
INDEL039002921,7,2016,3152,21952.78,0,15107728.787,0,0,0,5928,15138761.567,0,175.22,87794.54,0,0,0,0,0,87969.76
INDEL039002921,8,2016,0,16783.19,0,14795621.7551,0,0,0,3511,14815915.9451,0,122.81,85528.942,0,0,0,0,0,85651.752
INDEL039002921,9,2016,0,18468.37,0,14036475.453,0,0,0,2982,14057925.823,0,151.63,81244.26,0,0,0,0,0,81395.89
INDEL03900530E,10,2015,0,21163.75,4336570.6,3078413.7846,20000,0,0,56424.0528,7512572.1874,0,425.25,16356.906,0,0,31.5,0,21.0528,16834.7088
INDEL03900530E,11,2015,0,16733.91,2759326.28,2650181.43,6000,0,0,92371.2316,5524612.8516,0,328.09,14257.3,0,0,31.5,0,41.9652,14658.8552
INDEL03900530E,12,2015,0,21164.74,2925640.06,941634.553,0,0,0,59479.4947,3947918.8477,0,359.26,4643.83,0,0,0,0,18.3393,5021.4293
INDEL03900530E,1,2016,0,18449.19,2828611.67,1055345.509,0,0,0,58574.321,3960980.69,0,271.81,5684.99,0,0,0,0,26.199,5982.999
INDEL03900530E,2,2016,0,21500.59,4769198.79,3078122.987,0,0,0,40135.7368,7908958.1038,0,327.41,16285.57,0,0,0,0,20.9592,16633.9392
INDEL03900530E,3,2016,0,19042.95,4164172.65,4153956.198,19500,0,0,20163,8376834.798,0,280.05,22239.78,0,0,23.625,0,0,22543.455
INDEL03900530E,4,2016,0,16932.21,3648539.1,3828758.415,11000,0,0,26084.7,7531314.425,0,252.79,20055.65,0,0,23.625,0,0,20332.065
INDEL03900530E,5,2016,0,24221.65,4122073.35,3956246.724,0,0,0,54681.5,8157223.224,0,270.35,20848.64,0,0,0,0,0,21118.99
INDEL03900530E,6,2016,0,21143.55,4604977.38,3958192.6865,8000,0,0,11749,8604062.6165,0,256.45,20832.13,0,0,23.625,99.6,0,21211.805
INDEL03900530E,7,2016,10605.05,24149.24,3710422.22,3343446.3377,9500,0,0,959,7099081.8477,288.38,287.76,17925.434,0,0,23.625,771.05,0,19296.249
INDEL03900530E,8,2016,0,19068.03,5187466.53,4117898.236,15000,0,0,10215,9349647.796,0,235.97,21747.12,0,0,23.625,775.6,0,22782.315
INDEL03900530E,9,2016,0,23541.34,4866206.98,4132687.1675,5500,0,0,9854,9037789.4875,0,192.66,21980.35,0,0,23.625,2386.0852,300,24882.7202
INDEL03900812G,10,2015,0,42749.45,3153688.42,7447622.2122,0,0,0,0,10644060.0822,0,1035.55,38297.542,0,0,0,0,0,39333.092
INDEL03900812G,11,2015,0,20047.63,2888172.44,6551666.4374,0,0,0,0,9459886.5074,0,376.37,32789.514,0,0,0,0,0,33165.884
INDEL03900812G,12,2015,0,8492.91,3091554.27,7410191.556,0,0,0,0,10510238.736,0,151.09,36717.16,0,0,0,0,0,36868.25
INDEL03900812G,1,2016,0,72853.51,2694619.58,7318607.9654,0,0,0,0,10086081.0554,0,1386.49,35495.594,0,0,0,0,0,36882.084
INDEL03900812G,2,2016,0,95154.94,3110192.95,8120542.1848,0,0,0,0,11325890.0748,0,2147.06,39593.128,0,0,0,0,0,41740.188
INDEL03900812G,3,2016,0,73159.14,3215815.58,7552846.6476,0,0,0,0,10841821.3676,0,1607.86,35524.836,0,0,0,0,0,37132.696
INDEL03900812G,4,2016,0,48647.46,3250106.14,9927527.725,0,0,0,0,13226281.325,0,984.54,47664.75,0,0,0,0,0,48649.29
INDEL03900812G,5,2016,0,49421.69,2909958.97,8297208.9134,0,0,0,0,11256589.5734,0,1136.31,40187.874,0,0,0,0,0,41324.184
INDEL03900812G,6,2016,0,100410.34,2876327.32,5497776.862,0,0,0,57940,8532454.522,0,1738.66,28618.22,0,0,0,170.45,0,30527.33
INDEL03900812G,7,2016,0,214574.76,4245227.5,4791296.5568,0,0,0,8530,9259628.8168,0,3123.24,25346.256,0,0,0,2044.68,0,30514.176
INDEL03900812G,8,2016,0,438821.58,3979661.62,6007386.8467,0,0,0,4680,10430550.0467,0,5044.42,32191.214,0,0,0,1538.52,0,38774.154
INDEL03900812G,9,2016,0,439795.4,3751897.81,6784989.5272,0,0,0,30400,11007082.7372,0,5075.6,36931.024,0,0,0,1892.7491,0,43899.3731
INDEL039009422,10,2015,0,97510.71,5247932.77,856774.4096,0,0,0,20638.5781,6222856.4677,0,2092.29,4904.488,0,0,0,0,60.5268,7057.3048
INDEL039009422,11,2015,0,108150.74,4549116.63,1411198.528,0,0,0,12440.2851,6080906.1831,0,2432.26,6804.34,0,0,0,0,44.6436,9281.2436
INDEL039009422,12,2015,5972.35,91724.46,4765653.12,1649458.224,0,0,0,21313.5066,6534121.6606,172.06,1829.54,8047.22,0,0,0,0,68.1174,10116.9374
INDEL039009422,1,2016,3770.76,114086.72,5164755.13,905021.96,0,0,0,7201.6574,6194836.2274,94.05,2168.28,4668.8,0,0,0,0,36.6786,6967.8086
INDEL039009422,2,2016,0,126111.81,4288411.03,768295.76,0,0,0,632.9041,5183451.5041,0,2319.19,3941.55,0,0,0,0,2.6199,6263.3599
INDEL039009422,3,2016,10707.94,125237.49,4414357.94,850480.824,0,0,0,0,5400784.194,47.57,2530.51,4097.72,0,0,0,0,0,6675.8
INDEL039009422,4,2016,8624.06,148879.4,4205537.86,1217964.24,0,0,0,0,5581005.56,239.92,2666.6,5315.95,0,0,0,0,0,8222.47
INDEL039009422,5,2016,0,130715.07,5129165.3,1108085.5128,0,0,0,0,6367965.8828,0,2349.93,5472.484,0,0,0,0,0,7822.414
INDEL039009422,6,2016,0,132076.66,5312043.29,804821.644,0,0,0,0,6248941.594,0,2598.34,4446.07,0,0,0,210.35,0,7254.76
INDEL039009422,7,2016,0,140034.99,5216732.01,579573.9648,0,0,0,0,5936340.9648,0,2414.01,3043.794,0,0,0,2798.31,0,8256.114
INDEL039009422,8,2016,0,128262.49,4446281.63,1899053.584,0,0,0,0,6473597.704,0,2349.51,10625.28,0,0,0,1845.48,0,14820.27
INDEL039009422,9,2016,0,115807.1,4372811.98,4253143.5417,0,0,0,0,8741762.6217,0,2231.9,24433.114,0,0,0,2414.6051,0,29079.6191
INDEL03901082H,10,2015,0,31053.94,6098782.16,2489415.2,0,0,0,2548.8947,8621800.1947,0,74.06,12166,0,0,0,0,2.6316,12242.6916
INDEL03901082H,11,2015,0,26986.78,6426902.07,2458682.864,0,0,0,7562.8947,8920134.6087,0,204.22,12166.42,0,0,0,0,2.6316,12373.2716
INDEL03901082H,12,2015,0,28283.61,5712268.04,2320713.216,0,0,0,997.9041,8062262.7701,0,171.39,11995.98,0,0,0,0,2.6199,12169.9899
INDEL03901082H,1,2016,0,29882.16,5799728.89,3589671.792,0,0,0,1960.9041,9421243.7461,0,330.84,18014.01,0,0,0,0,2.6199,18347.4699
INDEL03901082H,2,2016,6410.92,57965.01,6242253.22,4492890.448,0,0,0,2054.9041,10801574.5021,143.85,723.99,22665.69,0,0,0,0,2.6199,23536.1499
INDEL03901082H,3,2016,2775,46834.45,7131928.38,4857846.2912,0,0,0,3688,12043072.1212,0,417.55,25112.136,0,0,0,0,0,25529.686
INDEL03901082H,4,2016,0,45649.78,6982519.39,6522587.292,0,0,0,1935,13552691.462,0,524.22,32749.01,0,0,0,0,0,33273.23
INDEL03901082H,5,2016,0,67194.45,6656371.23,5510437.1744,0,0,0,8047,12242049.8544,0,860.55,27409.004,0,0,0,0,0,28269.554
INDEL03901082H,6,2016,0,70841.21,7361589.96,5329037.239,0,0,0,4775,12766243.409,0,1120.79,26830.92,0,0,0,563.7,0,28515.41
INDEL03901082H,7,2016,17236,66571.1,6598170.41,5027364.3054,0,0,0,9043.75,11718385.5654,0,946.9,25395.468,0,0,0,4632.62,0,30974.988
INDEL03901082H,8,2016,0,60109.41,6821130.72,4907811.9396,0,0,0,23474,11812526.0696,0,753.59,23287.432,0,0,0,3776.79,0,27817.812
INDEL03901082H,9,2016,0,62021.26,6580679.2,4030648.346,0,0,0,4133,10677481.806,0,814.74,20203.32,0,0,0,4210.3779,0,25228.4379
INHYD03900213M,10,2015,0,709.63,12172817.07,0,0,0,0,0,12173526.7,0,9.37,0,0,0,0,0,0,9.37
INHYD03900213M,11,2015,0,1422.44,10949241.7,0,0,0,0,0,10950664.14,0,16.56,0,0,0,0,0,0,16.56
INHYD03900213M,12,2015,0,692.47,12281870.99,0,0,0,0,0,12282563.46,0,8.53,0,0,0,0,0,0,8.53
INHYD03900213M,1,2016,9716,3487.82,10723224.78,0,0,0,0,0,10736428.6,0,29.18,0,0,0,0,0,0,29.18
INHYD03900213M,2,2016,0,3827.53,8559688.77,0,0,0,0,0,8563516.3,0,27.47,0,0,0,0,0,0,27.47
INHYD03900213M,3,2016,0,737.07,10736271.46,0,0,0,0,0,10737008.53,0,3.93,0,0,0,0,0,0,3.93
INHYD03900213M,4,2016,6947.6,2167.61,10033083.45,0,0,0,0,160.35,10042359.01,185.5,17.39,0,0,0,0,0,52.0625,254.9525
INHYD03900213M,5,2016,0,1581.19,10587040.63,0,0,0,0,632,10589253.82,0,8.81,0,0,0,0,0,0,8.81
INHYD03900213M,6,2016,0,1378.74,10139762.64,0,0,0,0,0,10141141.38,0,7.26,0,0,0,0,555.17,0,562.43
INHYD03900213M,7,2016,0,2808.54,9978178.29,0,0,0,0,3155,9984141.83,0,12.46,0,0,0,0,6301.18,0,6313.64
INHYD03900213M,8,2016,0,3230.91,11134793.24,0,0,0,0,0,11138024.15,0,18.09,0,0,0,0,6957.5,0,6975.59
INHYD03900213M,9,2016,4549.4294,3945.16,10143494.13,0,0,0,0,79.382,10152068.1014,0.87,21.84,0,0,0,0,4381.0344,25.7725,4429.5169
INIDR039001626,3,2016,0,2559.26,229345.65,0,0,0,0,0,231904.91,0,66.74,0,0,0,0,0,0,66.74
INIDR039001626,4,2016,0,10535.41,3758705.24,0,0,0,0,2219.31,3771459.96,0,246.59,0,0,0,0,0,115.69,362.28
INIDR039001626,5,2016,0,5324.18,6176887.11,0,0,0,0,6692.48,6188903.77,0,89.82,0,0,0,0,0,208.12,297.94
INIDR039001626,6,2016,0,6784.4,7103157.91,0,0,0,3304257,2975.51,10417174.82,0,97.6,0,0,18537.746,0,459.82,66.49,19161.656
INIDR039001626,7,2016,0,9557.86,8529085.32,0,0,0,4762789,6637.74,13308069.92,0,133.14,0,0,26791.552,0,10470.74,46.26,37441.692
INIDR039001626,8,2016,0,7245.51,11315407.04,0,0,0,7838971,3129,19164752.55,0,133.49,0,0,43907.172,0,12993.56,0,57034.222
INIDR039001626,9,2016,0,7202.97,12196871.69,0,0,0,8912855,7079,21124008.66,0,130.03,0,0,49554.482,0,5307.1664,260,55251.6784
INJGA03900033J,10,2015,0,2014.38,670230.43,0,0,0,0,0,672244.81,0,52.62,0,0,0,0,0,0,52.62
INJGA03900033J,11,2015,0,1556.87,1016080.95,0,0,0,0,0,1017637.82,0,43.13,0,0,0,0,0,0,43.13
INJGA03900033J,12,2015,0,2392.39,1548426.23,0,0,0,0,0,1550818.62,0,47.61,0,0,0,0,0,0,47.61
INJGA03900033J,1,2016,0,17114.96,4391618.94,0,0,0,0,0,4408733.9,0,292.04,0,0,0,0,0,0,292.04
INJGA03900033J,2,2016,0,5998.07,3553688.4,0,0,0,0,0,3559686.47,0,125.93,0,0,0,0,0,0,125.93
INJGA03900033J,3,2016,0,10838.43,6438053.29,0,0,0,0,0,6448891.72,0,160.57,0,0,0,0,0,0,160.57
INJGA03900033J,4,2016,0,9762.2,5761948.35,0,0,0,0,0,5771710.55,0,170.8,0,0,0,0,0,0,170.8
INJGA03900033J,5,2016,0,13971.17,9332315.45,0,0,0,0,0,9346286.62,0,229.83,0,0,0,0,0,0,229.83
INJGA03900033J,6,2016,0,5066.36,8118577.35,0,0,0,0,0,8123643.71,0,68.64,0,0,0,0,1623.95,0,1692.59
INJGA03900033J,7,2016,0,14074.22,13948720.61,0,0,0,0,0,13962794.83,0,243.78,0,0,0,0,10196.71,0,10440.49
INJGA03900033J,8,2016,0,10960.94,10282388.11,0,0,0,0,0,10293349.05,0,150.06,0,0,0,0,7018.48,0,7168.54
INJGA03900033J,9,2016,0,5197.04,10989150.83,0,0,0,0,0,10994347.87,0,86.96,0,0,0,0,6954.2123,0,7041.1723
INJGA039000922,5,2016,0,3647.06,6683833.55,0,0,0,0,0,6687480.61,0,40.94,0,0,0,0,0,0,40.94
INJGA039000922,6,2016,0,3908.97,6997816.68,0,0,0,0,0,7001725.65,0,48.03,0,0,0,0,671.96,0,719.99
INJGA039000922,7,2016,0,3441.75,8622098.64,0,0,0,0,0,8625540.39,0,37.25,0,0,0,0,5342.14,0,5379.39
INJGA039000922,8,2016,0,3280.88,8832562.47,0,0,0,0,0,8835843.35,0,39.12,0,0,0,0,5801.41,0,5840.53
INJGA039000922,9,2016,0,4093.24,11973813.48,17116.1,0,0,0,0,11995022.82,0,43.76,92,0,0,0,7321.0929,0,7456.8529
INLUH039000213,10,2015,0,9911.44,1260411.29,1444436.9854,0,0,0,30515.6,2745275.3154,0,24.56,7607.794,0,0,0,0,0,7632.354
INLUH039000213,11,2015,0,5975.15,1122781.27,1240849.136,0,0,0,7956.8,2377562.356,0,32.85,6340.96,0,0,0,0,0,6373.81
INLUH039000213,12,2015,0,53655.56,1025011.75,966248.77,0,0,0,19989.8,2064905.88,0,1021.44,5034.7,0,0,0,0,0,6056.14
INLUH039000213,1,2016,0,82240.07,765741.93,937320.2,0,0,0,25668.6,1810970.8,0,1403.93,4522,0,0,0,0,0,5925.93
INLUH039000213,2,2016,0,64015.35,620289.54,815471.23,0,0,0,1180.8,1500956.92,0,1076.65,4115.3,0,0,0,0,0,5191.95
INLUH039000213,3,2016,0,72287.53,678562.54,687794.41,0,0,0,-2590,1436054.48,0,1031.47,3615.1,0,0,0,0,0,4646.57
INLUH039000213,4,2016,0,87966.83,742894.9,859461.816,0,0,0,0,1690323.546,0,1279.17,3920.76,0,0,0,0,0,5199.93
INLUH039000213,5,2016,0,83494,520793.39,787090.54,0,0,0,0,1391377.93,0,1204,4099.4,0,0,0,0,0,5303.4
INLUH039000213,6,2016,0,15847.94,175453.4,213449.8,0,0,0,16886,421637.14,0,212.06,950,0,0,0,0,0,1162.06
INLUH039000213,7,2016,0,0,0,0,0,0,0,38045,38045,0,0,0,0,0,0,0,0,0
INLUH039000213,8,2016,0,20163.03,4994702.41,3081856.5,2800,0,0,77029,8176550.94,0,331.97,16060,0,0,23.625,1302.19,0,17717.785
INLUH039000213,9,2016,0,26428.47,4456840.96,4535344.687,7300,0,0,137512,9163426.117,0,437.53,22804.54,0,0,47.25,2509.6423,900,26698.9623
INLUH03900100D,10,2015,0,45213.05,4723439,6980935.948,0,0,0,57781,11807368.998,0,987.95,38992.28,0,0,0,0,0,39980.23
INLUH03900100D,11,2015,0,44447.17,4363107.73,6742532.3534,0,0,0,95852.7,11245939.9534,0,985.83,37116.274,0,0,0,0,0,38102.104
INLUH03900100D,12,2015,0,47869.01,3163181.16,5913752.256,0,0,0,131238.2,9256040.626,0,1001.99,31364.16,0,0,0,0,0,32366.15
INLUH03900100D,1,2016,0,62280.08,2091648.91,3918533.56,0,0,0,101524.8,6173987.35,0,1305.92,19911.6,0,0,0,0,0,21217.52
INLUH03900100D,2,2016,0,54509.67,1503228.76,2004377.728,0,0,0,108234.34,3670350.498,0,991.33,10338.08,0,0,0,0,0,11329.41
INLUH03900100D,3,2016,4996.35,65981.71,2275515.5,2637713.278,0,0,0,76427.5096,5060634.3476,112.94,1200.29,14378.58,0,0,0,0,51.545,15743.355
INLUH03900100D,4,2016,40343.96,82608.73,2431932.35,3019758.938,0,0,0,93860.5,5668504.478,776.71,1457.27,16121.18,0,0,0,0,0,18355.16
INLUH03900100D,5,2016,0,101763.88,2513971.05,3016445.978,0,0,0,75197.7,5707378.608,0,1770.12,16825.58,0,0,0,0,0,18595.7
INLUH03900100D,6,2016,0,85035.96,2728011.78,4135475.309,0,0,0,83518,7032041.049,0,1411.04,23048.18,0,0,0,187.41,0,24646.63
INLUH03900100D,7,2016,0,101882.45,3780339.14,4314138.178,0,0,0,280532,8476891.768,0,1775.55,24468.76,0,0,0,1425.85,0,27670.16
INLUH03900100D,8,2016,15991.23,118357.87,3788773.56,4961852.906,0,0,0,1480006,10364981.566,150.3,1838.13,28528.52,0,0,0,980.4,0,31497.35
INLUH03900100D,9,2016,0,124339.43,4584905.85,8311559.205,0,0,0,1037021,14057825.485,0,2029.57,45116.1,0,0,0,2729.2383,1920,51794.9083
INMAA0300021BU,10,2015,0,4345.03,3601453.92,0,0,0,0,932.9096,3606731.8596,0,107.97,0,0,0,0,0,140.84,248.81
INMAA0300021BU,11,2015,8149.65,1047.62,1916723.35,0,0,0,0,21772.9048,1947693.5248,241.5,24.38,0,0,0,0,0,119.9725,385.8525
INMAA0300021BU,12,2015,14893.08,9202.58,6521576.51,0,0,0,0,100165.9148,6645838.0848,173.25,204.42,0,0,0,0,0,682.6625,1060.3325
INMAA0300021BU,1,2016,188115.002,8335.97,5264146.6,0,0,0,0,72788.97,5533386.542,1421.4,202.03,0,0,0,0,0,583.73,2207.16
INMAA0300021BU,2,2016,20197.54,9636.95,6039505.7,0,0,941035,0,61608.97,7071984.16,637.18,248.05,0,5118.02,0,0,0,437.07,6440.32
INMAA0300021BU,3,2016,150035.33,15379.44,6030611.67,0,0,1558590,0,60937.41,7815553.85,811.09,355.56,0,8365.82,0,0,0,279.79,9812.26
INMAA0300021BU,4,2016,24551.25,9722.74,6141460.77,0,0,2267114,0,54165.73,8497014.49,230.75,225.26,0,12213.854,0,0,0,451.67,13121.534
INMAA0300021BU,5,2016,103407.9066,10324.52,6576544.29,0,0,2666268,0,46221.92,9402766.6366,2596.94,209.48,0,14381.3,25.206,0,0,997.68,18210.606
INMAA0300021BU,6,2016,51483.45,12988.9,8089435.35,0,0,0,471062,90692.86,8715662.56,1284.82,296.1,0,0,3034.806,0,288.87,621.14,5525.736
INMAA0300021BU,7,2016,71773.2,12950.35,8831357.85,506950.296,0,0,423349,98702.02,9945082.716,849.27,309.65,2702.32,0,2427.794,0,3693.25,415.98,10398.264
INMAA0300021BU,8,2016,36968.84,10472.94,6952543.06,3060246.802,0,0,81700,17102.4875,10159034.1295,264.39,233.06,16482.84,0,480.2,0,2471.31,446.62,20378.42
INMAA0300021BU,9,2016,42189.72,12469.93,5928790.93,3424175.3807,0,0,10000,75580.0175,9493205.9782,1182.42,309.07,18567.494,0,50,0,2758.7971,2146.44,25014.2211
INPNQ03900112L,10,2015,0,62525.68,2236093.08,530733,0,0,0,0,2829351.76,0,1829.32,2550,0,0,0,0,0,4379.32
INPNQ03900112L,11,2015,0,15359.69,2737598.97,1076257.18,0,0,0,0,3829215.84,0,396.31,5379.8,0,0,0,0,0,5776.11
INPNQ03900112L,12,2015,0,7927.81,2744236.77,1460643.59,0,0,0,0,4212808.17,0,198.19,7304.9,0,0,0,0,0,7503.09
INPNQ03900112L,1,2016,0,9429.03,88926.97,106766.52,0,0,0,867.9263,205990.4463,0,180.97,587.2,0,0,0,0,7.8597,776.0297
INPNQ03900112L,2,2016,0,1111.94,3966267.68,3094794.112,0,0,0,602.6421,7062776.3741,0,20.06,15424.32,0,0,0,0,2.6199,15446.9999
INPNQ03900112L,3,2016,0,2504.2,7794253.12,4055874.4738,0,0,0,822,11853453.7938,0,32.8,20683.918,0,0,0,0,0,20716.718
INPNQ03900112L,4,2016,37556.27,3215.67,6606574.8,3139110.4774,0,0,0,0,9786457.2174,1247.49,44.33,14158.914,0,0,0,0,0,15450.734
INPNQ03900112L,5,2016,3981.88,2941.2,1434403.43,1199838.4754,0,0,0,10172.72,2651337.7054,131.25,39.8,5061.694,0,0,0,0,89.28,5322.024
INPNQ03900112L,6,2016,6816.63,3191.24,6283908.54,2190634.06,0,0,0,1539.42,8486089.89,213.75,40.76,9468.2,0,0,0,285.25,84.58,10092.54
INPNQ03900112L,7,2016,0,2979.1,6367320.46,1997716.485,0,0,0,9848,8377864.045,0,41.9,8963.7,0,0,0,2029.18,0,11034.78
INPNQ03900112L,8,2016,0,4339.91,6487068,3129007.295,0,0,0,2517.62,9622932.825,0,50.09,14823.9,0,0,0,2443.95,147.38,17465.32
INPNQ03900112L,9,2016,0,2362.17,6640631,4426022.45,0,0,0,1219.12,11070234.74,0,35.83,23059,0,0,0,3294.0434,52.88,26441.7534
INPNQ039001422,10,2015,0,945.51,8561042.56,2032983.79,0,0,0,332.6316,10595304.4916,0,10.49,11686.9,0,0,0,0,2.6316,11700.0216
INPNQ039001422,11,2015,0,2493.98,7694713.1,2504187.786,0,0,0,242.6316,10201637.4976,0,39.02,14172.46,0,0,0,0,2.6316,14214.1116
INPNQ039001422,12,2015,0,2902.66,6045567.53,1591343.516,0,0,0,552.6421,7640366.3481,0,20.34,9042.76,0,0,0,0,2.6199,9065.7199
INPNQ039001422,1,2016,0,1693.84,8153615.1,259823.19,0,0,0,0,8415132.13,0,13.16,1560.9,0,0,0,0,0,1574.06
INPNQ039001422,2,2016,0,395.5,8529262.01,205891.84,0,0,0,682,8736231.35,0,4.5,1222.4,0,0,0,0,0,1226.9
INPNQ039001422,3,2016,0,395.5,9020223.95,141664.16,0,0,0,0,9162283.61,0,4.5,837.6,0,0,0,0,0,842.1
INPNQ039001422,4,2016,0,197.75,8922236.88,114363.3,0,0,0,0,9036797.93,0,2.25,643,0,0,0,0,0,645.25
INPNQ039001422,5,2016,0,2371.15,8752554.31,132008.7,0,0,0,0,8886934.16,0,21.85,767,0,0,0,0,0,788.85
INPNQ039001422,6,2016,0,2406.1,9124905.84,143424.2,0,0,0,1482,9272218.14,0,13.9,806,0,0,0,270.2,0,1090.1
INPNQ039001422,7,2016,0,1077.12,9803093.2,57928.6,0,0,0,0,9862098.92,0,7.88,342,0,0,0,6061.47,0,6411.35
INPNQ039001422,8,2016,0,2099.17,9356113.8,64531.05,0,0,0,0,9422744.02,0,15.83,381,0,0,0,5684.56,0,6081.39
INPNQ039001422,9,2016,0,609.15,8812084.71,48884.85,0,0,0,0,8861578.71,0,8.85,307,0,0,0,7603.2899,0,7919.1399
INPNQ039001523,10,2015,0,31458.66,4806392.6,0,0,0,0,0,4837851.26,0,507.34,0,0,0,0,0,0,507.34
INPNQ039001523,11,2015,0,36438.36,5082225.55,0,0,0,0,0,5118663.91,0,653.64,0,0,0,0,0,0,653.64
INPNQ039001523,12,2015,0,19095.01,3871859.24,0,0,0,0,0,3890954.25,0,336.99,0,0,0,0,0,0,336.99
INPNQ039001523,1,2016,0,37381.89,5030524.95,0,0,0,0,0,5067906.84,0,580.11,0,0,0,0,0,0,580.11
INPNQ039001523,2,2016,0,37400.48,5627207.34,0,0,0,0,0,5664607.82,0,556.52,0,0,0,0,0,0,556.52
INPNQ039001523,3,2016,0,23629.78,4481209.49,0,0,0,0,714116.01,5218955.28,0,165.22,0,0,0,0,0,0,165.22
INPNQ039001523,4,2016,0,21959.08,6218418.97,0,0,0,0,0,6240378.05,0,184.92,0,0,0,0,0,0,184.92
INPNQ039001523,5,2016,0,24419.97,5545637.01,0,0,0,0,0,5570056.98,0,282.03,0,0,0,0,0,0,282.03
INPNQ039001523,6,2016,0,24143.62,6158528.85,0,0,0,0,10057.99,6192730.46,0,378.38,0,0,0,0,193,0,571.38
INPNQ039001523,7,2016,0,21048.68,6488623.17,0,0,0,0,0,6509671.85,0,215.32,0,0,0,0,3962.95,0,4178.27
INPNQ039001523,8,2016,0,21185.35,7369133.94,0,0,0,0,0,7390319.29,0,91.65,0,0,0,0,4112.84,0,4204.49
INPNQ039001523,9,2016,0,22678.49,8797259.93,0,0,0,0,632,8820570.42,0,89.51,0,0,0,0,7633.4897,0,7722.9997
INSTV039000400,10,2015,51314.7,167.45,7916125.4,1879693.932,0,0,0,75683,9922984.482,907,2.55,8594.52,0,0,0,0,0,9504.07
INSTV039000400,11,2015,100348.67,1443.32,8551461.27,2691430.9072,0,0,0,74691,11419375.1672,2327.06,19.68,13918.992,0,0,0,0,201.2,16466.932
INSTV039000400,12,2015,59570.63,698.48,4644505.83,2653088.5836,0,0,0,134708.4,7492571.9236,1443.75,11.52,14693.796,0,0,0,0,0,16149.066
INSTV039000400,1,2016,115240.66,1103.96,7250264.75,2845190.65,0,0,0,170030.3,10381830.32,1861.5,16.04,15671.5,0,0,0,0,0,17549.04
INSTV039000400,2,2016,81022.77,592.13,7959581.07,3803762.7522,0,0,0,101447.02,11946405.7422,1828.1,7.87,21026.942,0,0,0,0,0,22862.912
INSTV039000400,3,2016,75931.08,1283.78,8479952.9,4661578.459,0,0,0,90535.8,13309282.019,1226.59,5.22,25399.49,0,0,0,0,0,26631.3
INSTV039000400,4,2016,252284.39,1601.37,8091820.27,5406170.695,0,0,0,98717.07,13850593.795,7077.83,16.63,28361.45,0,0,0,0,74.83,35530.74
INSTV039000400,5,2016,54911.1,1763.5,7412508.11,4449004.978,0,0,0,124199.26,12042386.948,713.25,16.5,23810.58,0,0,0,0,276.04,24816.37
INSTV039000400,6,2016,150906.07,2660.9,7591129.78,4152549.854,0,0,0,97051.12,11994297.724,2850.34,20.1,22267.8,0,0,0,426.8,52.88,25617.92
INSTV039000400,7,2016,66501.49,1437.54,8521350.51,3510728.6085,0,0,0,190551.98,12290570.1285,1775.29,7.46,19133.57,0,0,0,4771.76,92.52,25780.6
INSTV039000400,8,2016,9169.81,619.05,8492137.46,3802195.202,0,0,0,254404.08,12558525.602,264.41,3.95,20700.84,0,0,0,4567.97,0,25537.17
INSTV039000400,9,2016,28751.95,2876.38,7526768.82,2960053.1322,9000,0,0,199713,10727163.2822,699,12.62,16025.124,0,0,57.75,5809.2097,3680,26283.7037
INSTV03900042R,10,2015,0,0,8061036.35,0,0,0,0,0,8061036.35,0,0,0,0,0,0,0,0,0
INSTV03900042R,11,2015,0,0,5921965.66,0,0,0,0,0,5921965.66,0,0,0,0,0,0,0,0,0
INSTV03900042R,12,2015,0,0,4335990.06,0,0,0,0,0,4335990.06,0,0,0,0,0,0,0,0,0
INSTV03900042R,1,2016,0,0,3705666.12,0,0,0,0,0,3705666.12,0,0,0,0,0,0,0,0,0
INSTV03900042R,2,2016,0,0,3407298.34,0,0,0,0,0,3407298.34,0,0,0,0,0,0,0,0,0
INSTV03900042R,3,2016,0,0,2730439.87,0,0,0,0,0,2730439.87,0,0,0,0,0,0,0,0,0
INSTV03900042R,4,2016,0,0,3179211.85,0,0,0,0,0,3179211.85,0,0,0,0,0,0,0,0,0
INSTV03900042R,5,2016,0,0,3512618.01,0,0,0,0,0,3512618.01,0,0,0,0,0,0,0,0,0
INSTV03900042R,6,2016,0,0,7800682.04,0,0,0,0,0,7800682.04,0,0,0,0,0,0,676.11,0,676.11
INSTV03900042R,7,2016,0,0,6504289.7,0,25000,0,0,0,6529289.7,0,0,0,0,0,28.875,3287.69,0,3316.565
INSTV03900042R,8,2016,0,0,9511649.98,0,0,0,0,0,9511649.98,0,0,0,0,0,0,5363.73,0,5363.73
INSTV03900042R,9,2016,0,0,8153404.59,1625518.1296,17000,0,0,6346,9802268.7196,0,0,8917.232,0,0,86.625,6036.9451,0,15040.8021
INSTV03900044T,10,2015,0,0,5624118.48,0,0,0,0,0,5624118.48,0,0,0,0,0,0,0,0,0
INSTV03900044T,11,2015,0,0,3810034.98,0,0,0,0,0,3810034.98,0,0,0,0,0,0,0,0,0
INSTV03900044T,12,2015,0,0,3915499.2,0,0,0,0,0,3915499.2,0,0,0,0,0,0,0,0,0
INSTV03900044T,1,2016,0,0,3335155.71,0,0,0,0,0,3335155.71,0,0,0,0,0,0,0,0,0
INSTV03900044T,2,2016,0,0,3339861.68,0,0,0,0,0,3339861.68,0,0,0,0,0,0,0,0,0
INSTV03900044T,3,2016,0,0,2734233.85,0,0,0,0,0,2734233.85,0,0,0,0,0,0,0,0,0
INSTV03900044T,4,2016,0,0,3102895.52,0,0,0,0,0,3102895.52,0,0,0,0,0,0,0,0,0
INSTV03900044T,5,2016,0,0,114696.37,0,0,0,0,0,114696.37,0,0,0,0,0,0,0,0,0
INSTV03900044T,6,2016,0,0,49199.33,0,0,0,0,0,49199.33,0,0,0,0,0,0,23.9,0,23.9
INSTV03900044T,7,2016,0,0,3528056.25,0,96630,0,0,0,3624686.25,0,0,0,0,0,154,2376.54,0,2530.54
INSTV03900044T,8,2016,0,0,8804948.32,0,10000,0,0,0,8814948.32,0,0,0,0,0,28.875,8003.88,0,8032.755
INSTV03900044T,9,2016,0,0,8450922.41,0,434430,0,0,0,8885352.41,0,0,0,0,0,750.75,6311.6192,0,7062.3692
INSTV03900060E,10,2015,0,6295.36,2877821.33,0,0,0,0,53562.8,2937679.49,0,133.64,0,0,0,0,0,0,133.64
INSTV03900060E,11,2015,39804.43,30954.22,12764525.22,0,0,0,0,-10242.3684,12825041.5016,1063.97,571.78,0,0,0,0,0,2.6316,1638.3816
INSTV03900060E,12,2015,0,26626.81,10126893.47,0,0,0,0,119850.8421,10273371.1221,0,468.19,0,0,0,0,0,2.6199,470.8099
INSTV03900060E,1,2016,0,30964.63,12727817,0,0,0,0,141344.19,12900125.82,0,561.37,0,0,0,0,0,0,561.37
INSTV03900060E,2,2016,19982.07,28976.72,11472818.79,0,0,0,0,84752.93,11606530.51,573.27,431.28,0,0,0,0,0,0,1004.55
INSTV03900060E,3,2016,11588,26942.74,11879363,0,0,0,0,12140.91,11930034.65,0,459.26,0,0,0,0,0,0,459.26
INSTV03900060E,4,2016,0,28654.04,13119363.56,0,0,0,0,4519.9,13152537.5,0,468.96,0,0,0,0,0,0,468.96
INSTV03900060E,5,2016,0,33262.21,11544128.6,0,0,0,0,34656,11612046.81,0,554.79,0,0,0,0,0,0,554.79
INSTV03900060E,6,2016,0,30443.7,10278383.38,0,0,0,0,51862,10360689.08,0,463.3,0,0,0,0,910.1,0,1373.4
INSTV03900060E,7,2016,18316.65,23436.33,11701877.27,0,0,0,0,238655.2,11982285.45,328.8,317.67,0,0,0,0,6645.15,0,7291.62
INSTV03900060E,8,2016,10403.71,20407.8,12557738.88,0,0,0,0,194315,12782865.39,332.93,267.2,0,0,0,0,7375.8,0,7975.93
INSTV03900060E,9,2016,14552.9,21343.14,13561893.54,0,0,0,0,132472,13730261.58,474.84,243.86,0,0,0,0,10937.3855,2560,14216.0855
INSTV03900202T,10,2015,0,27210.87,4888390.35,0,0,0,0,0,4915601.22,0,355.13,0,0,0,0,0,0,355.13
INSTV03900202T,11,2015,0,23458.98,5633928.84,0,0,0,0,100.6,5657488.42,0,410.02,0,0,0,0,0,0,410.02
INSTV03900202T,12,2015,0,20715.49,5108969.95,0,0,0,0,0,5129685.44,0,348.51,0,0,0,0,0,0,348.51
INSTV03900202T,1,2016,0,10268.44,5093193.54,0,0,0,0,0,5103461.98,0,205.56,0,0,0,0,0,0,205.56
INSTV03900202T,2,2016,0,17455.67,7316896.51,0,0,0,0,0,7334352.18,0,331.33,0,0,0,0,0,0,331.33
INSTV03900202T,3,2016,0,21776.05,7838201.1,0,0,0,0,1851.65,7861828.8,0,360.95,0,0,0,0,0,25.15,386.1
INSTV03900202T,4,2016,0,28043.65,9142796.87,0,0,0,0,1623.16,9172463.68,0,469.35,0,0,0,0,0,44.64,513.99
INSTV03900202T,5,2016,10012,30835.08,9245839.94,0,0,0,0,3940.8,9290627.82,0,486.92,0,0,0,0,0,0,486.92
INSTV03900202T,6,2016,0,27271.4,8383322.6,0,0,0,0,1204.7,8411798.7,0,414.6,0,0,0,0,708.97,5.3,1128.87
INSTV03900202T,7,2016,0,35308.21,7639078.83,0,0,0,0,1950,7676337.04,0,499.79,0,0,0,0,3864.43,0,4364.22
INSTV03900202T,8,2016,0,24280.36,8360585.96,0,0,0,0,-378,8384488.32,0,367.64,0,0,0,0,4152.45,0,4520.09
INSTV03900202T,9,2016,0,29896.35,10467756.54,0,0,0,0,-1120,10496532.89,0,388.65,0,0,0,0,6058.7986,0,6447.4486
INSTV03900212C,10,2015,0,1385.55,2902040.33,0,0,0,0,0,2903425.88,0,35.45,0,0,0,0,0,0,35.45
INSTV03900212C,11,2015,0,1410.64,1191103.75,0,0,0,0,100.6,1192614.99,0,38.36,0,0,0,0,0,0,38.36
INSTV03900212C,12,2015,0,641.79,163168.41,0,0,0,0,0,163810.2,0,18.21,0,0,0,0,0,0,18.21
INSTV03900212C,1,2016,0,616.69,0,0,0,0,0,2383.04,2999.73,0,16.31,0,0,0,0,0,28.96,45.27
INSTV03900212C,2,2016,0,2631.46,0,0,0,0,0,0,2631.46,0,52.54,0,0,0,0,0,0,52.54
INSTV03900212C,3,2016,0,2199.2,0,0,0,0,0,0,2199.2,0,40.8,0,0,0,0,0,0,40.8
INSTV03900212C,4,2016,0,34.95,0,0,0,0,0,0,34.95,0,1.05,0,0,0,0,0,0,1.05
INSTV03900212C,5,2016,0,1511.86,2979356.2,152963.8,0,0,0,10542.9,3144374.76,0,35.14,818,0,0,0,0,0,853.14
INSTV03900212C,6,2016,0,1733.84,8065214.8,1085588.02,5000,0,0,7253.8,9164790.46,0,32.16,5528.4,0,0,28.875,525.5,0,6114.935
INSTV03900212C,7,2016,0,1248.44,10234135.98,39759.6,5000,0,0,744.6,10280888.62,0,31.56,232,0,0,28.875,5412.07,0,5704.505
INSTV03900212C,8,2016,0,2111.42,9869041.12,50262.5,5000,0,12001,5129.2,9943545.24,0,53.58,250,0,62.006,28.875,4706.96,0,5101.421
INSTV03900212C,9,2016,0,241.49,8675373.33,107571.2,5000,0,0,5149.2,8793335.22,0,2.51,564,0,0,28.875,6170.4626,0,6765.8476
INSTV039004022,10,2015,0,4050.4,0,0,0,0,0,-1132.4,2918,0,85.6,0,0,0,0,0,0,85.6
INSTV039004022,11,2015,21166.23,262.77,206573.16,0,0,0,0,8663.9,236666.06,461.97,5.23,0,0,0,0,0,0,467.2
INSTV039004022,12,2015,11944.02,6860.24,12315004.36,0,0,0,0,22281.3,12356089.92,468.87,166.76,0,0,0,0,0,0,635.63
INSTV039004022,1,2016,0,13279.87,10673896.11,0,0,0,0,23452,10710627.98,0,307.13,0,0,0,0,0,0,307.13
INSTV039004022,2,2016,0,9470.43,13152156.71,0,49800,0,0,11952.7,13223379.84,0,239.57,0,0,0,38.5,0,0,278.07
INSTV039004022,3,2016,26954.7,6274.42,10497578.25,0,0,0,0,12386.1,10543193.47,571.45,147.58,0,0,0,0,0,0,719.03
INSTV039004022,4,2016,0,4970.59,9981638.27,0,45000,101521,0,-4350,10128779.86,0,89.41,0,577.208,0,38.5,0,0,705.118
INSTV039004022,5,2016,61198.88,5960.07,11281630.69,0,102300,0,0,9341,11460430.64,1085.68,106.93,0,0,0,125.125,0,0,1317.735
INSTV039004022,6,2016,0,3551.64,13806900.1,0,20000,0,0,6981,13837432.74,0,49.36,0,0,0,9.625,535.92,0,594.905
INSTV039004022,7,2016,0,3628.67,14411488.86,0,3500,0,0,15490,14434107.53,0,64.33,0,0,0,28.875,10521.36,0,10614.565
INSTV039004022,8,2016,0,4935.3,12359300.34,0,0,0,17860,5025,12387120.64,0,82.7,0,0,97.16,0,8417.35,0,8597.21
INSTV039004022,9,2016,0,2325.1,9300586.67,0,0,0,877630,8930,10189471.77,0,48.9,0,0,4846.78,0,5471.3235,280,10647.0035
INSTV039006822,10,2015,0,955.86,3788587.36,0,0,0,0,0,3789543.22,0,24.14,0,0,0,0,0,0,24.14
INSTV039006822,11,2015,0,4300.17,2998409.66,0,0,0,0,0,3002709.83,0,65.83,0,0,0,0,0,0,65.83
INSTV039006822,12,2015,0,3402.45,5111986.04,0,0,0,0,0,5115388.49,0,84.55,0,0,0,0,0,0,84.55
INSTV039006822,1,2016,0,2534,4967707.86,0,0,0,0,0,4970241.86,0,48,0,0,0,0,0,0,48
INSTV039006822,2,2016,0,638.09,2307891.38,0,0,0,0,0,2308529.47,0,11.91,0,0,0,0,0,0,11.91
INSTV039006822,3,2016,0,4805.81,8523109.31,0,0,0,0,0,8527915.12,0,102.19,0,0,0,0,0,0,102.19
INSTV039006822,4,2016,0,2424.84,10236475.53,0,0,0,0,0,10238900.37,0,50.16,0,0,0,0,0,0,50.16
INSTV039006822,5,2016,0,2605.85,12651829.14,0,0,0,0,0,12654434.99,0,45.15,0,0,0,0,0,0,45.15
INSTV039006822,6,2016,4500,2543.41,7266905.54,0,0,0,0,0,7273948.95,0,48.59,0,0,0,0,1201.99,0,1250.58
INSTV039006822,7,2016,0,3175.83,8937070.3,0,49800,0,0,0,8990046.13,0,60.17,0,0,0,38.5,6263.66,0,6362.33
INSTV039006822,8,2016,10277.93,4462.63,10695795.94,191460.1557,0,0,0,0,10901996.6557,254.81,80.37,1062.994,0,0,0,7687.04,0,9085.214
INSTV039006822,9,2016,0,2471.1,9294625.16,1555808.1257,0,0,0,0,10852904.3857,0,35.9,8510.394,0,0,0,7067.208,0,15613.502
INSTV039009722,10,2015,0,37626.58,17484152.24,0,0,0,0,0,17521778.82,0,801.42,0,0,0,0,0,0,801.42
INSTV039009722,11,2015,6386,52699.69,19999093.24,0,0,0,0,14629.9473,20072808.8773,0,1135.31,0,0,0,0,0,51.5475,1186.8575
INSTV039009722,12,2015,0,29363.48,19205526.28,0,0,0,0,48474.11,19283363.87,0,607.52,0,0,0,0,0,0,607.52
INSTV039009722,1,2016,0,42735.84,21057450.07,0,0,0,0,30609.56,21130795.47,0,852.16,0,0,0,0,0,0,852.16
INSTV039009722,2,2016,0,36373.61,21636487.76,0,0,0,0,2293.68,21675155.05,0,745.39,0,0,0,0,0,0,745.39
INSTV039009722,3,2016,0,33840.08,21960800.88,0,0,0,0,11201.81,22005842.77,0,607.92,0,0,0,0,0,0,607.92
INSTV039009722,4,2016,0,33318.07,21433651.67,0,0,0,0,4788.56,21471758.3,0,620.93,0,0,0,0,0,0,620.93
INSTV039009722,5,2016,0,23798.29,19138575.54,0,0,0,0,10281.32,19172655.15,0,395.71,0,0,0,0,0,0,395.71
INSTV039009722,6,2016,0,18527.04,12076126.04,0,0,0,0,0,12094653.08,0,306.96,0,0,0,0,1496.05,0,1803.01
INSTV039009722,7,2016,0,31024.2,15622166.99,0,0,0,26905,14888.8,15694984.99,0,538.8,0,0,151.43,0,10051.28,0,10741.51
INSTV039009722,8,2016,0,22393.17,16938113.95,0,0,0,149000,3269.5,17112776.62,0,384.83,0,0,810,0,9894.45,0,11089.28
INSTV039009722,9,2016,0,19809.21,16502289.85,0,0,0,5000,0,16527099.06,0,349.79,0,0,35,0,13458.3218,0,13843.1118
,,,,,,,,,,,4996847235.2487,,,,,,,,,
